difficulty	pipeline	pair	protocol	metric	n_paired	amber_mean	std_mean	mean_delta	median_delta	ci_low	ci_high	paired_t_p	wilcoxon_p	cliffs_d	effect_label	paired_t_q	wilcoxon_q
rigid	blue	amber_boltz_vs_boltz	normal_beta	molprobity_score	162	0.21307	0.20893	0.00414	-0.0028	-0.00511	0.01339	0.378381	0.836679	-0.0617	negligible	0.907824	0.948599
rigid	blue	amber_boltz_vs_boltz	normal_beta	clashscore	162	0.55326	0.56996	-0.0167	-0.023	-0.04589	0.01249	0.260228	0.172927	-0.1543	small	0.907824	0.890302
rigid	blue	amber_boltz_vs_boltz	dualspace_beta	molprobity_score	162	0.22032	0.2239	-0.00358	-0.0082	-0.01066	0.0035	0.319289	0.053494	-0.1667	small	0.907824	0.890302
rigid	blue	amber_boltz_vs_boltz	dualspace_beta	clashscore	162	0.66364	0.6815	-0.01786	-0.0292	-0.04385	0.00813	0.176732	0.019092	-0.2346	small	0.907824	0.890302
rigid	blue	amber_af_vs_af_relaxed	normal_beta	molprobity_score	162	0.22941	0.22898	0.00043	0.0004	-0.0043	0.00517	0.85631	0.755215	0.0247	negligible	0.960308	0.948599
rigid	blue	amber_af_vs_af_relaxed	normal_beta	clashscore	162	0.61565	0.61692	-0.00126	0.0018	-0.02389	0.02136	0.91244	0.869549	0.0309	negligible	0.960308	0.948599
rigid	blue	amber_af_vs_af_relaxed	dualspace_beta	molprobity_score	162	0.22314	0.22344	-0.0003	0.0012	-0.00374	0.00313	0.861724	0.797639	0.0741	negligible	0.960308	0.948599
rigid	blue	amber_af_vs_af_relaxed	dualspace_beta	clashscore	162	0.66878	0.67291	-0.00414	0.0008	-0.01725	0.00898	0.534306	0.830268	0.0432	negligible	0.907824	0.948599
rigid	green	amber_boltz_vs_boltz	normal_beta	molprobity_score	162	0.21145	0.20586	0.00559	0.0048	-0.00513	0.01631	0.304672	0.381032	0.0926	negligible	0.907824	0.890302
rigid	green	amber_boltz_vs_boltz	normal_beta	clashscore	162	0.58115	0.56303	0.01812	-0.0062	-0.05132	0.08756	0.607086	0.338135	-0.0185	negligible	0.907824	0.890302
rigid	green	amber_boltz_vs_boltz	dualspace_beta	molprobity_score	162	0.22415	0.21991	0.00424	0.0014	-0.00199	0.01047	0.180791	0.295343	0.0185	negligible	0.907824	0.890302
rigid	green	amber_boltz_vs_boltz	dualspace_beta	clashscore	162	0.67781	0.66733	0.01048	0.003	-0.0123	0.03326	0.36499	0.513084	0.0185	negligible	0.907824	0.890302
rigid	green	amber_af_vs_af_relaxed	normal_beta	molprobity_score	162	0.23251	0.23186	0.00065	-0.0008	-0.00486	0.00616	0.81743	0.905948	-0.0802	negligible	0.956991	0.953037
rigid	green	amber_af_vs_af_relaxed	normal_beta	clashscore	162	0.64446	0.62956	0.0149	-0.0002	-0.02943	0.05922	0.507792	0.665676	-0.0062	negligible	0.907824	0.948599
rigid	green	amber_af_vs_af_relaxed	dualspace_beta	molprobity_score	162	0.22475	0.22533	-0.00059	-0.0014	-0.00373	0.00255	0.711994	0.370181	-0.0494	negligible	0.917056	0.890302
rigid	green	amber_af_vs_af_relaxed	dualspace_beta	clashscore	162	0.6758	0.67656	-0.00077	-0.0104	-0.0126	0.01107	0.898424	0.28117	-0.1296	negligible	0.960308	0.890302
medium	blue	amber_boltz_vs_boltz	normal_beta	molprobity_score	60	0.22286	0.2153	0.00756	0.0096	-0.00795	0.02307	0.333223	0.180305	0.1333	negligible	0.907824	0.890302
medium	blue	amber_boltz_vs_boltz	normal_beta	clashscore	60	0.74029	0.67298	0.06731	0.0252	-0.04048	0.1751	0.216424	0.227316	0.1	negligible	0.907824	0.890302
medium	blue	amber_boltz_vs_boltz	dualspace_beta	molprobity_score	60	0.22178	0.22911	-0.00733	-0.008	-0.01749	0.00283	0.153984	0.151134	-0.1333	negligible	0.907824	0.890302
medium	blue	amber_boltz_vs_boltz	dualspace_beta	clashscore	60	0.68551	0.71285	-0.02734	-0.0262	-0.06692	0.01224	0.172107	0.149397	-0.1167	negligible	0.907824	0.890302
medium	blue	amber_af_vs_af_relaxed	normal_beta	molprobity_score	60	0.2514	0.25121	0.00019	0.002	-0.00715	0.00753	0.959583	0.771555	0.0667	negligible	0.960308	0.948599
medium	blue	amber_af_vs_af_relaxed	normal_beta	clashscore	60	0.73831	0.7668	-0.02849	0.0104	-0.09062	0.03363	0.362476	0.593535	0.1	negligible	0.907824	0.890302
medium	blue	amber_af_vs_af_relaxed	dualspace_beta	molprobity_score	60	0.23044	0.22945	0.00099	-0.0026	-0.00398	0.00595	0.692183	0.853977	-0.1333	negligible	0.917056	0.948599
medium	blue	amber_af_vs_af_relaxed	dualspace_beta	clashscore	60	0.71575	0.71503	0.00071	-0.0136	-0.01858	0.02001	0.941273	0.841462	-0.1167	negligible	0.960308	0.948599
medium	green	amber_boltz_vs_boltz	normal_beta	molprobity_score	60	0.22726	0.22334	0.00392	0.0024	-0.01546	0.0233	0.687181	0.865142	0.05	negligible	0.917056	0.948599
medium	green	amber_boltz_vs_boltz	normal_beta	clashscore	60	0.65604	0.65391	0.00213	0.0078	-0.08302	0.08727	0.960308	0.953037	0.0667	negligible	0.960308	0.953037
medium	green	amber_boltz_vs_boltz	dualspace_beta	molprobity_score	60	0.22984	0.23325	-0.00341	-0.0026	-0.0146	0.00778	0.544718	0.500567	-0.1	negligible	0.907824	0.890302
medium	green	amber_boltz_vs_boltz	dualspace_beta	clashscore	60	0.70449	0.72481	-0.02032	-0.0186	-0.06514	0.0245	0.368034	0.295861	-0.2333	small	0.907824	0.890302
medium	green	amber_af_vs_af_relaxed	normal_beta	molprobity_score	60	0.24855	0.24493	0.00362	0.0016	-0.00403	0.01127	0.347455	0.563331	0.0667	negligible	0.907824	0.890302
medium	green	amber_af_vs_af_relaxed	normal_beta	clashscore	60	0.76406	0.72083	0.04323	-0.0004	-0.01686	0.10333	0.1553	0.430874	0.0	negligible	0.907824	0.890302
medium	green	amber_af_vs_af_relaxed	dualspace_beta	molprobity_score	60	0.23785	0.2356	0.00225	0.0028	-0.00441	0.00892	0.501445	0.365054	0.1833	small	0.907824	0.890302
medium	green	amber_af_vs_af_relaxed	dualspace_beta	clashscore	60	0.74505	0.73406	0.01099	0.0176	-0.01362	0.03561	0.375187	0.285772	0.2	small	0.907824	0.890302
difficult	blue	amber_boltz_vs_boltz	normal_beta	molprobity_score	35	0.24235	0.23063	0.01173	-0.008	-0.03821	0.06166	0.636273	0.588838	-0.0286	negligible	0.907824	0.890302
difficult	blue	amber_boltz_vs_boltz	normal_beta	clashscore	35	0.85547	0.6901	0.16537	-0.0616	-0.31417	0.64491	0.488176	0.22543	-0.1429	negligible	0.907824	0.890302
difficult	blue	amber_boltz_vs_boltz	dualspace_beta	molprobity_score	35	0.22993	0.23438	-0.00445	-0.0068	-0.02296	0.01407	0.628638	0.511767	-0.0857	negligible	0.907824	0.890302
difficult	blue	amber_boltz_vs_boltz	dualspace_beta	clashscore	35	0.72807	0.74472	-0.01665	-0.0344	-0.08902	0.05572	0.643042	0.543631	-0.1429	negligible	0.907824	0.890302
difficult	blue	amber_af_vs_af_relaxed	normal_beta	molprobity_score	35	0.2355	0.23875	-0.00326	-0.0012	-0.01353	0.00701	0.523599	0.915212	-0.0286	negligible	0.907824	0.953037
difficult	blue	amber_af_vs_af_relaxed	normal_beta	clashscore	35	0.63019	0.65097	-0.02078	-0.026	-0.06352	0.02196	0.330151	0.480881	-0.1429	negligible	0.907824	0.890302
difficult	blue	amber_af_vs_af_relaxed	dualspace_beta	molprobity_score	35	0.23341	0.23064	0.00277	0.0088	-0.00494	0.01047	0.470551	0.20137	0.2571	small	0.907824	0.890302
difficult	blue	amber_af_vs_af_relaxed	dualspace_beta	clashscore	35	0.71867	0.71173	0.00695	0.0304	-0.01974	0.03364	0.600222	0.251564	0.2571	small	0.907824	0.890302
difficult	green	amber_boltz_vs_boltz	normal_beta	molprobity_score	35	0.24321	0.22945	0.01376	-0.0088	-0.03619	0.06371	0.579246	0.533647	-0.2	small	0.907824	0.890302
difficult	green	amber_boltz_vs_boltz	normal_beta	clashscore	35	0.88237	0.68075	0.20161	-0.034	-0.28335	0.68657	0.404097	0.412833	-0.0286	negligible	0.907824	0.890302
difficult	green	amber_boltz_vs_boltz	dualspace_beta	molprobity_score	35	0.23418	0.2311	0.00309	0.018	-0.01764	0.02381	0.76402	0.947762	0.0286	negligible	0.917056	0.953037
difficult	green	amber_boltz_vs_boltz	dualspace_beta	clashscore	35	0.74273	0.73041	0.01232	-0.026	-0.07048	0.09512	0.764213	0.789553	-0.0286	negligible	0.917056	0.948599
difficult	green	amber_af_vs_af_relaxed	normal_beta	molprobity_score	35	0.24507	0.24726	-0.00218	-0.0056	-0.0099	0.00553	0.569034	0.476152	-0.2571	small	0.907824	0.890302
difficult	green	amber_af_vs_af_relaxed	normal_beta	clashscore	35	0.73521	0.74061	-0.00539	-0.0056	-0.04027	0.02948	0.755181	0.761875	-0.0286	negligible	0.917056	0.948599
difficult	green	amber_af_vs_af_relaxed	dualspace_beta	molprobity_score	35	0.238	0.23358	0.00442	0.0036	-0.00219	0.01103	0.182888	0.329755	0.0857	negligible	0.907824	0.890302
difficult	green	amber_af_vs_af_relaxed	dualspace_beta	clashscore	35	0.72896	0.71806	0.0109	0.0108	-0.01169	0.03349	0.333636	0.31724	0.0571	negligible	0.907824	0.890302
