target	tm_af_relaxed	tm_af_unrelaxed	tm_boltz	tm_amber_af	tm_amber_boltz	mp_af_relaxed	mp_af_unrelaxed	mp_boltz	mp_amber_af	mp_amber_boltz	clash_af_relaxed	clash_af_unrelaxed	clash_boltz	clash_amber_af	clash_amber_boltz	best_tm_source	best_tm_value	best_mp_source	best_mp_value	amber_af_tm_delta	amber_af_mp_delta	amber_boltz_tm_delta	amber_boltz_mp_delta
1A2K	0.9743	0.9753	0.9868	0.9743	0.9865	0.8640	1.5620	0.9480	0.8980	0.2760	4.4340	24.3520	8.3680	4.8240	0.7000	boltz	0.9868	amber_boltz	0.2760	-0.0009	-0.6640	-0.0004	-0.6720
1ACB	0.9851	0.9858	0.9841	0.9851	0.9839	0.6180	1.6480	0.8140	0.6600	0.1920	1.8220	21.1740	5.5580	1.8200	0.3100	af_unrelaxed	0.9858	amber_boltz	0.1920	-0.0006	-0.9880	-0.0002	-0.6220
1AHW	0.9711	0.9716	0.9737	0.9711	0.9733	0.9340	1.6380	1.1860	0.9300	0.3640	3.3340	28.1940	15.1540	3.2740	1.2420	boltz	0.9737	amber_boltz	0.3640	-0.0006	-0.7080	-0.0004	-0.8220
1AK4	0.9906	0.9907	0.9872	0.9906	0.9870	0.5440	1.5580	1.1260	0.5320	0.4800	1.3420	20.2100	12.1600	1.3860	1.6500	af_unrelaxed	0.9907	amber_boltz	0.4800	-0.0001	-1.0260	-0.0002	-0.6460
1AKJ	0.9793	0.9794	0.9746	0.9794	0.9744	0.8060	1.5220	1.1160	0.8140	0.4480	3.8700	26.3740	13.2160	5.0580	1.7820	af_unrelaxed	0.9794	amber_boltz	0.4480	-0.0000	-0.7080	-0.0002	-0.6680
1ATN	0.9820	0.9822	0.9321	0.9820	0.9320	0.3820	1.1640	0.9940	0.4040	0.2760	1.0420	11.1480	9.3460	1.0640	0.9000	af_unrelaxed	0.9822	amber_boltz	0.2760	-0.0002	-0.7600	-0.0001	-0.7180
1AVX	0.9959	0.9961	0.9955	0.9958	0.9952	0.3920	1.1580	0.9840	0.3820	0.4160	0.7820	11.4280	7.8300	0.7140	0.6800	af_unrelaxed	0.9961	amber_af	0.3820	-0.0003	-0.7760	-0.0003	-0.5680
1AY7	0.9873	0.9878	0.9898	0.9873	0.9888	0.1040	1.0380	0.6780	0.1300	0.1560	0.2800	8.8400	4.0380	0.3500	0.4880	boltz	0.9898	af_relaxed	0.1040	-0.0005	-0.9080	-0.0010	-0.5220
1AZS	0.9847	0.9844	0.9901	0.9847	0.9901	0.4260	1.3200	1.1160	0.4280	0.4160	1.4180	16.8460	12.8140	1.4380	1.4500	boltz	0.9901	amber_boltz	0.4160	0.0003	-0.8920	-0.0000	-0.7000
1B6C	0.9884	0.9892	0.9916	0.9883	0.9914	1.3480	2.1740	1.1160	1.3300	0.3240	6.6600	36.5740	12.7160	5.7040	0.8740	boltz	0.9916	amber_boltz	0.3240	-0.0009	-0.8440	-0.0002	-0.7920
1BKD	0.9510	0.9514	0.9837	0.9510	0.9836	0.5800	1.5680	1.0260	0.5840	0.3560	1.7060	22.3740	9.6440	1.8640	0.9200	boltz	0.9837	amber_boltz	0.3560	-0.0004	-0.9840	-0.0002	-0.6700
1BUH	0.9185	0.9190	0.9745	0.9185	0.9746	0.5400	1.6480	1.0020	0.5440	0.2160	1.4280	21.4160	9.5160	1.4620	0.6800	amber_boltz	0.9746	amber_boltz	0.2160	-0.0005	-1.1040	0.0001	-0.7860
1BVN	0.9958	0.9960	0.9940	0.9958	0.9940	0.1920	1.1480	0.8960	0.2000	0.2840	0.2780	13.2120	7.1880	0.3020	0.8600	af_unrelaxed	0.9960	af_relaxed	0.1920	-0.0001	-0.9480	0.0000	-0.6120
1CGI	0.9854	0.9867	0.9874	0.9855	0.9870	0.7580	1.6520	1.1240	0.9320	0.3480	2.6440	24.0180	13.5500	4.4680	1.0960	boltz	0.9874	amber_boltz	0.3480	-0.0012	-0.7200	-0.0004	-0.7760
1CLV	0.9960	0.9959	0.9950	0.9960	0.9951	0.6720	1.5800	1.0740	0.6720	0.4920	1.9480	18.9820	8.7420	1.9460	0.6780	af_relaxed	0.9960	amber_boltz	0.4920	0.0001	-0.9080	0.0000	-0.5820
1D6R	0.9965	0.9964	0.9976	0.9964	0.9974	0.5280	1.1660	0.9260	0.5160	0.3140	1.0840	12.9900	7.8000	1.1340	0.8380	boltz	0.9976	amber_boltz	0.3140	0.0000	-0.6500	-0.0002	-0.6120
1DE4	0.9433	0.9440	0.9232	0.9433	0.9227	1.0200	1.6620	1.3140	1.0420	0.5440	4.8460	29.2980	20.8800	4.7860	2.3860	af_unrelaxed	0.9440	amber_boltz	0.5440	-0.0007	-0.6200	-0.0005	-0.7700
1DFJ	0.9822	0.9827	0.9765	0.9822	0.9760	0.3700	1.2360	1.0580	0.3560	0.2980	1.3980	15.6140	10.9820	1.3080	0.6180	af_unrelaxed	0.9827	amber_boltz	0.2980	-0.0005	-0.8800	-0.0005	-0.7600
1DQJ	0.3565	0.3575	0.3567	0.3565	0.3561	0.5700	1.5360	1.0380	0.5840	0.5320	2.1880	23.3240	10.6160	2.1660	2.2360	af_unrelaxed	0.3575	amber_boltz	0.5320	-0.0010	-0.9520	-0.0006	-0.5060
1E4K	0.9226	0.9237	0.8939	0.9227	0.8934	0.3980	1.3180	1.2060	0.4200	0.4020	1.2380	20.8200	16.1440	1.6680	1.5700	af_unrelaxed	0.9237	af_relaxed	0.3980	-0.0011	-0.8980	-0.0005	-0.8040
1E6E	0.9901	0.9901	0.9876	0.9900	0.9875	0.4080	1.3180	1.1780	0.4740	0.4080	1.4560	16.6420	15.3860	1.7300	1.7760	af_unrelaxed	0.9901	af_relaxed	0.4080	-0.0002	-0.8440	-0.0001	-0.7700
1E6J	0.9186	0.9182	0.9149	0.9187	0.9153	1.4380	2.1120	1.2540	1.3840	0.4780	8.8460	45.9380	17.4780	8.2220	1.6200	amber_af	0.9187	amber_boltz	0.4780	0.0005	-0.7280	0.0003	-0.7760
1E96	0.9935	0.9937	0.9687	0.9935	0.9684											af_unrelaxed	0.9937			-0.0001		-0.0002	
1EAW	0.9925	0.9924	0.9919	0.9925	0.9918	0.2980	1.3540	0.9320	0.3320	0.1400	0.9280	16.5080	7.8740	1.0580	0.3960	af_relaxed	0.9925	amber_boltz	0.1400	0.0001	-1.0220	-0.0001	-0.7920
1EER	0.9153	0.9160	0.9121	0.9153	0.9116	0.5160	1.5920	1.2440	0.4980	0.4940	1.1800	20.2960	16.3840	1.1120	1.2820	af_unrelaxed	0.9160	amber_boltz	0.4940	-0.0007	-1.0940	-0.0005	-0.7500
1EFN	0.9645	0.9657	0.9675	0.9644	0.9662	0.3740	1.1420	1.2560	0.3740	0.2660	1.5960	13.9340	13.4720	1.5960	0.3800	boltz	0.9675	amber_boltz	0.2660	-0.0013	-0.7680	-0.0013	-0.9900
1EWY	0.9857	0.9859	0.9822	0.9857	0.9821	0.5540	1.2040	1.0540	0.5480	0.4180	1.6440	16.5460	10.9320	1.6120	0.9860	af_unrelaxed	0.9859	amber_boltz	0.4180	-0.0002	-0.6560	-0.0001	-0.6360
1EXB	0.9982	0.9984	0.9866	0.9982	0.9862	0.9680	1.6140	1.3240	0.9480	0.6020	7.1640	38.6900	21.6520	6.9840	2.8200	af_unrelaxed	0.9984	amber_boltz	0.6020	-0.0002	-0.6660	-0.0004	-0.7220
1EZU	0.9741	0.9739	0.9550	0.9740	0.9550	0.1920	1.0900	0.8820	0.1760	0.2160	0.4680	10.1820	6.9920	0.4680	0.6880	af_relaxed	0.9741	amber_af	0.1760	0.0002	-0.9140	-0.0001	-0.6660
1F34	0.9917	0.9920	0.9886	0.9917	0.9885	0.4360	1.2320	1.0240	0.4180	0.3500	0.7060	13.5420	10.1160	0.6760	0.6480	af_unrelaxed	0.9920	amber_boltz	0.3500	-0.0002	-0.8140	-0.0002	-0.6740
1F51	0.9769	0.9771	0.9351	0.9769	0.9349	0.3120	1.2860	1.2960	0.3220	0.4340	1.1040	18.4240	20.0980	1.1840	1.7980	af_unrelaxed	0.9771	af_relaxed	0.3120	-0.0003	-0.9640	-0.0002	-0.8620
1F6M	0.8042	0.8043	0.9839	0.8042	0.9836	0.6560	1.4440	1.0320	0.6720	0.2400	3.3200	24.3240	10.2060	3.3520	0.7760	boltz	0.9839	amber_boltz	0.2400	-0.0002	-0.7720	-0.0003	-0.7920
1FAK	0.9875	0.9885	0.9883	0.9876	0.9881	1.4360	2.4440	1.0860	1.4900	0.3360	5.3560	43.2980	10.5980	5.3080	0.6160	af_unrelaxed	0.9885	amber_boltz	0.3360	-0.0009	-0.9540	-0.0002	-0.7500
1FC2	0.7035	0.7229	0.7258	0.7037	0.7236	1.5240	2.0740	1.5280	1.4700	0.8420	11.8900	67.9880	34.8080	10.0700	5.3940	boltz	0.7258	amber_boltz	0.8420	-0.0191	-0.6040	-0.0022	-0.6860
1FCC	0.9448	0.9457	0.9645	0.9449	0.9643	0.6480	1.3980	0.8960	0.6980	0.1560	3.3480	25.8880	7.6220	3.7840	0.4860	boltz	0.9645	amber_boltz	0.1560	-0.0008	-0.7000	-0.0002	-0.7400
1FFW	0.9938	0.9939	0.9932	0.9938	0.9931	0.2720	1.2640	0.8580	0.2480	0.2160	0.9960	18.5580	6.7140	0.8620	0.7280	af_unrelaxed	0.9939	amber_boltz	0.2160	-0.0000	-1.0160	-0.0001	-0.6420
1FLE	0.9970	0.9971	0.9971	0.9970	0.9968	0.4360	1.3860	1.1660	0.5120	0.3580	0.3720	11.0420	9.8640	0.6080	0.6540	af_unrelaxed	0.9971	amber_boltz	0.3580	-0.0001	-0.8740	-0.0002	-0.8080
1FQ1	0.9679	0.9683	0.9690	0.9679	0.9686	0.6820	1.6960	1.1660	0.6560	0.4860	1.7200	17.7460	13.3820	1.5360	1.4060	boltz	0.9690	amber_boltz	0.4860	-0.0004	-1.0400	-0.0004	-0.6800
1FQJ	0.9934	0.9935	0.9928	0.9934	0.9927	0.2640	1.1260	1.0500	0.2600	0.2220	0.8720	13.2600	10.8900	0.8440	0.6820	af_unrelaxed	0.9935	amber_boltz	0.2220	-0.0002	-0.8660	-0.0001	-0.8280
1GCQ	0.9348	0.9363	0.9407	0.9347	0.9392	0.4680	1.4600	1.1380	0.4680	0.5080	1.4220	20.1520	13.6360	1.4220	2.3360	boltz	0.9407	af_relaxed	0.4680	-0.0016	-0.9920	-0.0015	-0.6300
1GHQ	0.9563	0.9565	0.9605	0.9563	0.9598	0.5740	1.5500	1.4060	0.5960	0.6020	1.4120	16.8200	26.5100	1.4980	3.1500	boltz	0.9605	af_relaxed	0.5740	-0.0003	-0.9540	-0.0007	-0.8040
1GL1	0.9874	0.9875	0.9884	0.9874	0.9883	0.3880	1.4480	0.9180	0.3880	0.2240	1.1180	15.2860	7.2620	1.2180	0.4040	boltz	0.9884	amber_boltz	0.2240	-0.0001	-1.0600	-0.0001	-0.6940
1GLA	0.9223	0.9235	0.9267	0.9222	0.7753	0.9680	1.7640	1.1040	1.0640	0.3040	3.7800	30.4520	12.4080	4.4500	0.8600	boltz	0.9267	amber_boltz	0.3040	-0.0013	-0.7000	-0.1514	-0.8000
1GP2	0.9536	0.9538	0.9513	0.9536	0.9512	0.5880	1.4740	1.0520	0.5460	0.3700	2.2120	19.2220	10.8480	2.0680	1.0980	af_unrelaxed	0.9538	amber_boltz	0.3700	-0.0002	-0.9280	-0.0001	-0.6820
1GPW	0.9691	0.9693	0.9766	0.9691	0.9763	0.6880	1.4480	1.2740	0.6680	0.6160	2.1460	17.6620	16.4600	2.0060	1.8980	boltz	0.9766	amber_boltz	0.6160	-0.0001	-0.7800	-0.0003	-0.6580
1GRN	0.9392	0.9392	0.9679	0.9392	0.9680	0.4900	1.3760	1.0800	0.4820	0.3800	0.6760	11.0260	11.6060	0.6460	1.0960	amber_boltz	0.9680	amber_boltz	0.3800	0.0000	-0.8940	0.0001	-0.7000
1GXD	0.8895	0.8896	0.8933	0.8895	0.8931	0.6320	1.7560	1.1720	0.6380	0.4580	1.4580	23.8260	14.7880	1.6180	1.6040	boltz	0.8933	amber_boltz	0.4580	-0.0001	-1.1180	-0.0002	-0.7140
1H1V	0.9897	0.9898	0.9816	0.9897	0.9814	1.0140	1.8480	1.1600	1.0680	0.3800	4.6980	36.0600	14.3780	5.4980	1.4540	af_unrelaxed	0.9898	amber_boltz	0.3800	-0.0001	-0.7800	-0.0001	-0.7800
1H9D	0.9763	0.9765	0.9598	0.9762	0.9592	0.4320	1.4700	1.0560	0.4480	0.2980	0.7660	16.8720	11.1180	0.8680	0.9220	af_unrelaxed	0.9765	amber_boltz	0.2980	-0.0002	-1.0220	-0.0006	-0.7580
1HCF	0.8656	0.8650	0.8787	0.8655	0.8781	0.9760	2.0880	1.4960	0.9780	0.6960	2.8840	27.3720	26.9760	2.8080	2.2300	boltz	0.8787	amber_boltz	0.6960	0.0005	-1.1100	-0.0006	-0.8000
1HE1	0.9871	0.9873	0.9873	0.9871	0.9869	0.2140	1.0600	0.8860	0.1920	0.1640	0.6700	10.9360	7.0960	0.5860	0.5020	af_unrelaxed	0.9873	amber_boltz	0.1640	-0.0002	-0.8680	-0.0003	-0.7220
1HE8	0.8121	0.8124	0.8916	0.8120	0.8902	1.0740	2.1100	1.6780	1.0580	1.1500	3.8700	41.5940	32.5320	3.7380	3.9500	boltz	0.8916	amber_af	1.0580	-0.0004	-1.0520	-0.0013	-0.5280
1HIA	0.9764	0.9757	0.9813	0.9763	0.9806	0.1540	1.1320	1.0160	0.1620	0.3580	0.4320	9.8340	9.2580	0.3360	1.0580	boltz	0.9813	af_relaxed	0.1540	0.0007	-0.9700	-0.0007	-0.6580
1I2M	0.8671	0.8674	0.8641	0.8671	0.8637	0.3620	1.2560	1.1800	0.3780	0.3880	0.9180	15.9100	15.0120	0.9920	1.1340	af_unrelaxed	0.8674	af_relaxed	0.3620	-0.0003	-0.8780	-0.0004	-0.7920
1I4D	0.9581	0.9585	0.9364	0.9581	0.9355	0.7600	1.6380	1.2680	0.7340	0.4180	3.4100	21.9340	18.6480	3.4320	1.6840	af_unrelaxed	0.9585	amber_boltz	0.4180	-0.0004	-0.9040	-0.0009	-0.8500
1IB1	0.9631	0.9638	0.9651	0.9631	0.9647	0.8060	1.5820	1.1820	0.7820	0.3620	4.0500	28.0820	15.3340	4.1440	1.2460	boltz	0.9651	amber_boltz	0.3620	-0.0007	-0.8000	-0.0005	-0.8200
1IBR	0.9903	0.9905	0.9214	0.9903	0.9205	0.3480	1.3420	1.2700	0.3520	0.4340	1.2720	19.2880	18.7200	1.2920	1.7760	af_unrelaxed	0.9905	af_relaxed	0.3480	-0.0002	-0.9900	-0.0008	-0.8360
1IJK	0.9956	0.9958	0.9912	0.9955	0.9907	1.0320	1.7140	1.3300	1.0840	0.6400	4.6580	32.0720	20.9280	4.4340	2.0400	af_unrelaxed	0.9958	amber_boltz	0.6400	-0.0002	-0.6300	-0.0005	-0.6900
1IRA	0.9821	0.9821	0.9854	0.9820	0.9852	0.6580	1.6300	1.1760	0.6780	0.5700	1.7120	21.7620	14.8160	1.8780	2.0420	boltz	0.9854	amber_boltz	0.5700	-0.0001	-0.9520	-0.0002	-0.6060
1J2J	0.9931	0.9931	0.9845	0.9931	0.9847	0.6580	1.2860	1.2520	0.6600	0.5740	3.7720	19.6660	18.0480	3.5340	2.8780	af_relaxed	0.9931	amber_boltz	0.5740	0.0000	-0.6260	0.0001	-0.6780
1JIW	0.9783	0.9790	0.9629	0.9783	0.9617	0.4440	1.1980	0.8320	0.4220	0.1700	0.9840	14.6600	6.1440	0.9600	0.2880	af_unrelaxed	0.9790	amber_boltz	0.1700	-0.0007	-0.7760	-0.0011	-0.6620
1JK9	0.9830	0.9829	0.9889	0.9830	0.9889	0.5460	1.4560	1.1220	0.5480	0.3020	2.0740	23.9280	13.1000	2.0740	1.1220	amber_boltz	0.9889	amber_boltz	0.3020	0.0001	-0.9080	0.0001	-0.8200
1JMO	0.8987	0.8991	0.9294	0.8988	0.9288	0.9260	2.1060	1.2720	0.9360	0.7160	2.8160	29.5960	18.0600	2.9360	1.9400	boltz	0.9294	amber_boltz	0.7160	-0.0003	-1.1700	-0.0006	-0.5560
1JPS	0.9418	0.9414	0.9703	0.9417	0.9702	0.6880	1.6200	1.0640	0.7160	0.2740	2.1940	25.7300	11.1940	2.7560	0.8780	boltz	0.9703	amber_boltz	0.2740	0.0003	-0.9040	-0.0001	-0.7900
1JTD	0.9935	0.9948	0.9970	0.9935	0.9968	1.0800	1.6160	1.2380	1.1480	0.4800	5.3560	35.5640	17.4540	5.4840	1.8600	boltz	0.9970	amber_boltz	0.4800	-0.0013	-0.4680	-0.0002	-0.7580
1JTG	0.9934	0.9936	0.9938	0.9934	0.9935	0.5680	1.3880	1.2440	0.5680	0.4760	1.8900	20.5320	16.4540	1.8560	1.0200	boltz	0.9938	amber_boltz	0.4760	-0.0002	-0.8200	-0.0003	-0.7680
1JWH	0.9879	0.9881	0.9828	0.9879	0.9827	0.2320	1.0960	0.8340	0.2380	0.1700	0.7300	11.9180	6.1540	0.7500	0.4580	af_unrelaxed	0.9881	amber_boltz	0.1700	-0.0001	-0.8580	-0.0000	-0.6640
1JZD	0.9715	0.9722	0.9603	0.9715	0.9598	0.7180	1.4000	0.9780	0.6880	0.3480	2.5680	16.4360	8.8220	2.4080	0.7780	af_unrelaxed	0.9722	amber_boltz	0.3480	-0.0006	-0.7120	-0.0005	-0.6300
1K5D	0.9561	0.9562	0.9562	0.9561	0.9559	0.4440	1.4800	1.4280	0.4420	0.5860	0.9140	17.3640	18.8840	0.8420	1.5040	af_unrelaxed	0.9562	amber_af	0.4420	-0.0001	-1.0380	-0.0003	-0.8420
1K74	0.9091	0.9092	0.8758	0.9091	0.8753	0.8700	2.0260	1.3300	0.8940	0.5740	2.7700	27.5680	21.8100	2.9380	2.6260	af_unrelaxed	0.9092	amber_boltz	0.5740	-0.0001	-1.1320	-0.0005	-0.7560
1KAC	0.9962	0.9977	0.9712	0.9961	0.9707	1.3520	1.9700	1.4760	1.3420	0.8340	6.3580	32.6880	28.6440	6.1880	3.9860	af_unrelaxed	0.9977	amber_boltz	0.8340	-0.0015	-0.6280	-0.0005	-0.6420
1KKL	0.9523	0.9515	0.6248	0.9523	0.6245	0.6040	1.6160	1.6060	0.5640	0.7740	2.4680	31.9280	31.7600	2.4660	3.4480	af_relaxed	0.9523	amber_af	0.5640	0.0008	-1.0520	-0.0002	-0.8320
1KLU	0.9904	0.9919	0.9915	0.9904	0.9910	0.5180	1.2000	1.2700	0.5080	0.4860	2.2880	15.5900	18.8220	2.3500	1.9760	af_unrelaxed	0.9919	amber_boltz	0.4860	-0.0014	-0.6920	-0.0004	-0.7840
1KTZ	0.9042	0.9044	0.9122	0.9043	0.9115	0.9140	1.9000	1.4060	0.8640	0.4320	3.9040	27.8040	15.7680	3.8380	0.5500	boltz	0.9122	amber_boltz	0.4320	-0.0001	-1.0360	-0.0007	-0.9740
1KXP	0.9896	0.9900	0.9858	0.9896	0.9858	0.3700	1.3060	1.1240	0.4000	0.3620	1.0620	16.7140	13.0680	1.2240	1.3540	af_unrelaxed	0.9900	amber_boltz	0.3620	-0.0004	-0.9060	-0.0000	-0.7620
1LFD	0.9718	0.9724	0.9657	0.9719	0.9653	0.3860	1.2640	1.2100	0.3560	0.5540	0.9900	16.5940	14.8000	0.8940	1.4400	af_unrelaxed	0.9724	amber_af	0.3560	-0.0005	-0.9080	-0.0005	-0.6560
1M10	0.9776	0.9775	0.9775	0.9776	0.9774	0.6020	1.5040	1.3320	0.5860	0.5760	1.0700	15.0520	12.2160	0.9640	1.0440	af_relaxed	0.9776	amber_boltz	0.5760	0.0001	-0.9180	-0.0001	-0.7560
1M27	0.9312	0.9296	0.9761	0.9321	0.9763	1.2380	2.0360	1.2520	1.1940	0.4340	8.8840	70.6880	18.3000	6.6640	1.8620	amber_boltz	0.9763	amber_boltz	0.4340	0.0025	-0.8420	0.0002	-0.8180
1MAH	0.9912	0.9921	0.9898	0.9912	0.9897	1.2680	1.9660	1.2620	1.2600	0.7160	4.7500	39.9900	14.7000	5.2120	2.2560	af_unrelaxed	0.9921	amber_boltz	0.7160	-0.0009	-0.7060	-0.0001	-0.5460
1ML0	0.4183	0.4192	0.4063	0.4183	0.4059	2.5020	3.6880	2.2800	2.4880	2.1880	13.8500	145.1840	165.0320	12.9200	16.9440	af_unrelaxed	0.4192	amber_boltz	2.1880	-0.0009	-1.2000	-0.0004	-0.0920
1MLC	0.9608	0.9617	0.9741	0.9607	0.9737	0.8300	1.6280	1.0980	0.7960	0.4760	4.0740	27.4380	12.1760	3.0260	1.5240	boltz	0.9741	amber_boltz	0.4760	-0.0010	-0.8320	-0.0004	-0.6220
1MQ8	0.9718	0.9719	0.9491	0.9717	0.9490	0.8420	1.7260	1.1880	0.8360	0.4220	2.9180	28.9980	13.9940	2.9520	1.2280	af_unrelaxed	0.9719	amber_boltz	0.4220	-0.0002	-0.8900	-0.0002	-0.7660
1N2C	0.9953	0.9954	0.9943	0.9953	0.9944	0.5400	1.4580	1.2260	0.5440	0.5520	1.3400	16.3980	13.2120	1.3600	1.4000	af_unrelaxed	0.9954	af_relaxed	0.5400	-0.0001	-0.9140	0.0001	-0.6740
1NW9	0.9755	0.9780	0.9912	0.9755	0.9902	1.4560	2.0260	1.5280	1.3860	0.6880	11.5440	54.0420	34.9220	12.1660	4.0940	boltz	0.9912	amber_boltz	0.6880	-0.0025	-0.6400	-0.0010	-0.8400
1OC0	0.9622	0.9624	0.9661	0.9622	0.9656	0.7800	1.4880	1.3040	0.7900	0.5980	3.2020	26.6680	18.3220	3.6740	1.2660	boltz	0.9661	amber_boltz	0.5980	-0.0002	-0.6980	-0.0004	-0.7060
1OFU	0.9874	0.9875	0.9798	0.9874	0.9797	0.5000	1.3300	1.2480	0.5080	0.4840	2.2480	19.7920	17.8880	2.2480	2.2160	af_unrelaxed	0.9875	amber_boltz	0.4840	-0.0001	-0.8220	-0.0002	-0.7640
1OPH	0.9763	0.9765	0.9679	0.9763	0.9677	0.3620	1.4200	1.0820	0.3320	0.2640	1.0680	18.4420	11.9660	0.9120	0.7380	af_unrelaxed	0.9765	amber_boltz	0.2640	-0.0002	-1.0880	-0.0002	-0.8180
1OYV	0.9978	0.9980	0.9979	0.9978	0.9977	0.9300	1.8440	1.1580	0.9480	0.5140	3.9140	32.3860	13.0480	3.9140	1.1780	af_unrelaxed	0.9980	amber_boltz	0.5140	-0.0002	-0.8960	-0.0002	-0.6440
1PPE	0.9941	0.9943	0.9948	0.9941	0.9947	0.3640	1.1220	0.8440	0.3900	0.3260	0.3820	11.1140	6.4320	0.4380	0.6580	boltz	0.9948	amber_boltz	0.3260	-0.0001	-0.7320	-0.0002	-0.5180
1PVH	0.9830	0.9832	0.9780	0.9830	0.9780	0.2100	1.2160	1.0440	0.2520	0.1900	0.6520	16.2840	10.7340	0.8240	0.5840	af_unrelaxed	0.9832	amber_boltz	0.1900	-0.0002	-0.9640	-0.0001	-0.8540
1PXV	0.9548	0.9547	0.9484	0.9548	0.9484	0.4160	1.5160	1.2160	0.4320	0.4380	0.5200	14.8580	16.1040	0.5620	1.4200	amber_af	0.9548	af_relaxed	0.4160	0.0001	-1.0840	0.0000	-0.7780
1QA9	0.9724	0.9726	0.9683	0.9724	0.9680	0.5180	1.4700	1.1120	0.5300	0.5900	1.3020	18.1080	8.6180	1.3020	1.4880	af_unrelaxed	0.9726	af_relaxed	0.5180	-0.0002	-0.9400	-0.0003	-0.5220
1R0R	0.9982	0.9983	0.9979	0.9982	0.9978	0.3060	1.0740	0.7240	0.2560	0.1500	0.5280	11.0820	4.5320	0.4840	0.3520	af_unrelaxed	0.9983	amber_boltz	0.1500	-0.0001	-0.8180	-0.0001	-0.5740
1R6Q	0.9846	0.9849	0.9869	0.9846	0.9867	0.3160	1.0700	0.8980	0.2660	0.1160	1.1040	9.4940	7.2320	0.8820	0.3320	boltz	0.9869	amber_boltz	0.1160	-0.0003	-0.8040	-0.0001	-0.7820
1R8S	0.9006	0.9013	0.9445	0.9006	0.9434	0.5080	1.3920	1.1780	0.5360	0.3340	2.4980	23.5800	15.0340	2.6760	1.2160	boltz	0.9445	amber_boltz	0.3340	-0.0007	-0.8560	-0.0011	-0.8440
1RKE	0.8490	0.8495	0.8966	0.8491	0.8962	0.4460	1.2880	1.3020	0.4700	0.5420	1.8960	17.0920	20.6100	2.0120	2.5840	boltz	0.8966	af_relaxed	0.4460	-0.0004	-0.8180	-0.0004	-0.7600
1RLB	0.9588	0.9591	0.9608	0.9587	0.9602	0.3720	1.3480	1.1920	0.3380	0.5300	1.5320	18.7700	15.1080	1.0640	2.0640	boltz	0.9608	amber_af	0.3380	-0.0004	-1.0100	-0.0007	-0.6620
1RV6	0.9343	0.9342	0.9323	0.9342	0.9320	0.7480	1.4520	0.9060	0.7900	0.3580	2.7080	21.2660	7.7900	2.9780	1.0140	af_relaxed	0.9343	amber_boltz	0.3580	-0.0000	-0.6620	-0.0003	-0.5480
1S1Q	0.9136	0.9134	0.9255	0.9136	0.9260	0.9000	2.0480	1.4960	0.9120	0.8160	4.8440	36.9020	28.1340	4.9620	3.8980	amber_boltz	0.9260	amber_boltz	0.8160	0.0002	-1.1360	0.0005	-0.6800
1S78	0.9733	0.9736	0.9797	0.9733	0.9795	0.8460	1.6920	1.1900	0.8600	0.4140	2.7080	23.9360	15.0540	2.8800	1.3400	boltz	0.9797	amber_boltz	0.4140	-0.0003	-0.8320	-0.0002	-0.7760
1SBB	0.6863	0.6892	0.9438	0.6869	0.9435	2.0220	2.1860	1.2220	1.9400	0.4820	11.0540	80.5880	16.5320	10.8800	1.7580	boltz	0.9438	amber_boltz	0.4820	-0.0023	-0.2460	-0.0003	-0.7400
1SYX	0.9952	0.9952	0.9875	0.9952	0.9874	0.1880	1.0440	1.1260	0.1520	0.4680	0.5700	10.8560	13.1920	0.4460	2.1440	af_unrelaxed	0.9952	amber_af	0.1520	-0.0000	-0.8920	-0.0001	-0.6580
1T6B	0.9815	0.9828	0.7400	0.9815	0.7398	1.1700	1.7360	1.8580	1.2040	1.1300	2.4260	34.7120	53.1420	2.8140	5.3680	af_unrelaxed	0.9828	amber_boltz	1.1300	-0.0013	-0.5320	-0.0001	-0.7280
1TMQ	0.9954	0.9955	0.9963	0.9954	0.9963	0.9560	1.9540	1.0360	0.9680	0.4280	3.4760	35.7160	8.7280	3.8440	0.5560	boltz	0.9963	amber_boltz	0.4280	-0.0001	-0.9860	-0.0000	-0.6080
1UDI	0.9944	0.9946	0.9944	0.9944	0.9942	0.4100	1.1400	0.9380	0.4080	0.3040	0.8920	13.4440	8.1220	0.8120	0.5300	af_unrelaxed	0.9946	amber_boltz	0.3040	-0.0002	-0.7320	-0.0002	-0.6340
1US7	0.9859	0.9861	0.9869	0.9859	0.9865	0.5300	1.4240	1.0360	0.5140	0.4300	1.8520	12.8440	8.9520	1.6940	1.6020	boltz	0.9869	amber_boltz	0.4300	-0.0002	-0.9100	-0.0004	-0.6060
1VFB	0.9880	0.9877	0.9882	0.9878	0.9882	0.8140	1.6840	1.2360	1.0280	0.4780	3.9180	27.5740	16.9540	5.5240	1.9420	boltz	0.9882	amber_boltz	0.4780	0.0001	-0.6560	0.0000	-0.7580
1WDW	0.9895	0.9898	0.9809	0.9895	0.9805	0.4340	1.3400	1.0680	0.4720	0.3800	1.5300	14.6680	10.7060	1.5300	1.1420	af_unrelaxed	0.9898	amber_boltz	0.3800	-0.0003	-0.8680	-0.0004	-0.6880
1WEJ	0.1659	0.1669	0.1668	0.1659	0.1659	0.7040	1.5840	1.1780	0.7040	0.4860	3.4820	28.1640	14.9800	3.4340	2.0920	af_unrelaxed	0.1669	amber_boltz	0.4860	-0.0010	-0.8800	-0.0008	-0.6920
1WQ1	0.9749	0.9751	0.9531	0.9749	0.9529	0.5300	1.3920	1.2540	0.5520	0.4300	1.9500	18.0980	18.0420	2.0000	1.7940	af_unrelaxed	0.9751	amber_boltz	0.4300	-0.0002	-0.8400	-0.0002	-0.8240
1XD3	0.9903	0.9904	0.9917	0.9903	0.9917	0.2060	1.2460	1.0120	0.1720	0.2260	0.7020	17.6220	9.8460	0.5380	0.7460	boltz	0.9917	amber_af	0.1720	-0.0002	-1.0740	-0.0001	-0.7860
1XQS	0.9903	0.9904	0.9862	0.9902	0.9862	0.3080	1.2580	1.0420	0.3180	0.3700	0.9720	15.4000	10.6480	1.0880	1.4160	af_unrelaxed	0.9904	af_relaxed	0.3080	-0.0002	-0.9400	-0.0000	-0.6720
1XU1	0.9800	0.9804	0.9824	0.9800	0.9823	0.5600	1.5300	1.2420	0.5520	0.2340	2.2200	24.4660	15.0680	2.2220	0.7180	boltz	0.9824	amber_boltz	0.2340	-0.0004	-0.9780	-0.0001	-1.0080
1Y64	0.9740	0.9750	0.9744	0.9740	0.9710	0.4320	1.3380	1.1760	0.4320	1.6360	1.0460	15.2560	15.5760	1.0940	10.7400	af_unrelaxed	0.9750	af_relaxed	0.4320	-0.0010	-0.9060	-0.0035	0.4600
1YVB	0.9907	0.9908	0.9911	0.9907	0.9910	0.4780	1.4040	1.1560	0.5060	0.4160	1.3120	18.0800	13.6660	1.5300	1.2000	boltz	0.9911	amber_boltz	0.4160	-0.0001	-0.8980	-0.0000	-0.7400
1Z0K	0.9894	0.9897	0.9479	0.9894	0.9472	0.4440	1.4560	1.2640	0.4600	0.5620	1.0420	15.3160	13.7780	1.0440	1.7580	af_unrelaxed	0.9897	af_relaxed	0.4440	-0.0003	-0.9960	-0.0007	-0.7020
1Z5Y	0.9907	0.9905	0.9685	0.9908	0.9682	0.6560	1.3780	1.0620	0.5680	0.4100	3.0880	18.6940	10.2680	1.7940	0.9000	amber_af	0.9908	amber_boltz	0.4100	0.0003	-0.8100	-0.0003	-0.6520
1ZHH	0.8243	0.8243	0.8168	0.8242	0.8167	0.6620	1.5780	1.1820	0.6620	0.4100	2.5900	23.6040	15.0400	2.4540	1.4660	af_relaxed	0.8243	amber_boltz	0.4100	-0.0000	-0.9160	-0.0000	-0.7720
1ZHI	0.9436	0.9438	0.9417	0.9436	0.9415	0.8280	1.6320	1.2080	0.7700	0.5060	3.0400	22.5020	15.6580	2.6980	1.7480	af_unrelaxed	0.9438	amber_boltz	0.5060	-0.0001	-0.8620	-0.0002	-0.7020
1ZLI	0.9958	0.9959	0.9953	0.9958	0.9953	0.4940	1.3440	1.1580	0.4780	0.4220	0.9580	13.1520	8.2180	0.9600	0.6820	af_unrelaxed	0.9959	amber_boltz	0.4220	-0.0001	-0.8660	-0.0000	-0.7360
1ZM4	0.6582	0.6583	0.6552	0.6582	0.6552	0.6240	1.5620	1.3100	0.5980	0.5120	2.0360	21.4420	20.5980	1.9120	2.1960	af_unrelaxed	0.6583	amber_boltz	0.5120	-0.0001	-0.9640	-0.0000	-0.7980
1e+96						0.3440	1.1300	1.2180	0.3320	0.4380	1.1640	12.7380	16.5320	1.0600	1.8460			amber_af	0.3320		-0.7980		-0.7800
2A1A	0.9689	0.9686	0.9710	0.9689	0.9710	0.3980	1.3580	1.1860	0.3900	0.5400	1.3540	15.8800	15.0820	1.3260	1.8320	boltz	0.9710	amber_af	0.3900	0.0003	-0.9680	0.0000	-0.6460
2A5T	0.9899	0.9900	0.9841	0.9899	0.9840	0.4240	1.3280	1.1040	0.4280	0.3720	0.9160	13.2780	10.3360	0.9860	0.8040	af_unrelaxed	0.9900	amber_boltz	0.3720	-0.0001	-0.9000	-0.0001	-0.7320
2A9K	0.9724	0.9731	0.9661	0.9724	0.9657	0.8900	1.4300	1.3760	0.8780	0.5720	4.5220	23.2620	24.3740	4.3880	2.7500	af_unrelaxed	0.9731	amber_boltz	0.5720	-0.0007	-0.5520	-0.0004	-0.8040
2ABZ	0.9957	0.9957	0.9953	0.9957	0.9953	0.6000	1.3460	1.5900	0.6420	1.1020	1.3300	14.9060	27.4020	1.5460	4.9520	af_relaxed	0.9957	af_relaxed	0.6000	0.0000	-0.7040	-0.0000	-0.4880
2AJF	0.9517	0.9520	0.9620	0.9516	0.9617	0.8960	1.7340	1.4380	0.8300	0.8420	3.9180	30.1140	27.0500	2.9220	4.3580	boltz	0.9620	amber_af	0.8300	-0.0003	-0.9040	-0.0004	-0.5960
2AYO	0.9471	0.9478	0.9387	0.9471	0.9384	0.5760	1.4920	1.1260	0.5480	0.3300	1.7640	20.0620	11.9120	1.6780	0.6920	af_unrelaxed	0.9478	amber_boltz	0.3300	-0.0007	-0.9440	-0.0003	-0.7960
2B42	0.9864	0.9865	0.9618	0.9864	0.9617	0.4320	1.3980	1.1200	0.4240	0.3100	0.8780	14.3860	12.0600	0.9260	1.0760	af_unrelaxed	0.9865	amber_boltz	0.3100	-0.0001	-0.9740	-0.0001	-0.8100
2B4J	0.9525	0.9534	0.9728	0.9525	0.9726	0.4240	1.4540	1.1100	0.4200	0.2380	1.4660	17.9260	11.1900	1.3960	0.4540	boltz	0.9728	amber_boltz	0.2380	-0.0009	-1.0340	-0.0002	-0.8720
2BTF	0.9765	0.9767	0.9728	0.9765	0.9727	0.3440	1.3380	1.0000	0.3520	0.2760	0.9360	14.0960	9.5320	1.0380	0.8360	af_unrelaxed	0.9767	amber_boltz	0.2760	-0.0002	-0.9860	-0.0002	-0.7240
2C0L	0.9842	0.9843	0.9784	0.9842	0.9786	0.3660	1.3340	0.9720	0.3340	0.2220	1.3400	16.0660	8.8860	1.2180	0.6860	af_unrelaxed	0.9843	amber_boltz	0.2220	-0.0001	-1.0000	0.0002	-0.7500
2CFH	0.9594	0.9597	0.9508	0.9594	0.9507	0.7840	1.7920	1.1320	0.7960	0.3260	2.1000	25.7340	13.4440	1.9780	1.2140	af_unrelaxed	0.9597	amber_boltz	0.3260	-0.0003	-0.9960	-0.0001	-0.8060
2DD8	0.6292	0.6297	0.5572	0.6293	0.5572	1.1600	1.7220	1.0100	1.2240	0.2940	4.8060	31.1500	9.7860	4.9340	0.8580	af_unrelaxed	0.6297	amber_boltz	0.2940	-0.0004	-0.4980	0.0000	-0.7160
2FD6	0.9544	0.9543	0.9694	0.9544	0.9690	1.0080	2.0400	1.4520	1.0580	0.8500	3.7460	37.7080	30.0440	3.6660	2.3420	boltz	0.9694	amber_boltz	0.8500	0.0000	-0.9820	-0.0004	-0.6020
2FJG	0.9469	0.9473	0.9122	0.9469	0.9118	0.9980	1.6960	1.0860	1.0200	0.4780	5.5460	29.5960	11.9540	5.5460	1.8400	af_unrelaxed	0.9473	amber_boltz	0.4780	-0.0005	-0.6760	-0.0004	-0.6080
2FJU	0.9815	0.9850	0.9697	0.9812	0.9687	1.3500	1.8220	1.3860	1.3560	0.8440	5.7440	36.9160	24.9800	6.0740	3.1660	af_unrelaxed	0.9850	amber_boltz	0.8440	-0.0038	-0.4660	-0.0010	-0.5420
2G77	0.9906	0.9906	0.9769	0.9906	0.9769	0.3540	1.3340	1.1860	0.3620	0.3180	1.3040	18.3180	15.3680	1.3540	1.1600	af_unrelaxed	0.9906	amber_boltz	0.3180	-0.0000	-0.9720	-0.0000	-0.8680
2GAF	0.9867	0.9876	0.9794	0.9867	0.9792	0.4360	1.5060	1.3900	0.4240	0.6680	1.4880	20.5000	18.1860	1.4020	1.8160	af_unrelaxed	0.9876	amber_af	0.4240	-0.0008	-1.0820	-0.0002	-0.7220
2GTP	0.9933	0.9947	0.9858	0.9932	0.9856	0.1360	0.9500	0.8960	0.1360	0.1560	0.3640	8.4500	7.1780	0.3640	0.4480	af_unrelaxed	0.9947	af_relaxed	0.1360	-0.0014	-0.8140	-0.0002	-0.7400
2H7V	0.9646	0.9652	0.9711	0.9646	0.9708	0.6880	1.7860	1.2020	0.7020	0.4680	2.5580	24.8460	15.9120	2.8640	2.0600	boltz	0.9711	amber_boltz	0.4680	-0.0005	-1.0840	-0.0003	-0.7340
2HLE	0.9553	0.9553	0.9307	0.9553	0.9305	0.6180	1.6200	1.3700	0.5940	0.5300	1.2540	23.0880	18.1020	1.1740	1.4100	af_unrelaxed	0.9553	amber_boltz	0.5300	-0.0001	-1.0260	-0.0002	-0.8400
2HQS	0.9863	0.9865	0.9860	0.9864	0.9858	0.2600	1.1520	1.0220	0.2380	0.2240	0.8960	14.0200	10.0560	0.7940	0.7180	af_unrelaxed	0.9865	amber_boltz	0.2240	-0.0001	-0.9140	-0.0002	-0.7980
2HRK	0.9913	0.9915	0.9901	0.9913	0.9898	0.4660	1.3580	1.0240	0.4720	0.3760	1.0760	19.0620	9.9100	1.1200	0.9420	af_unrelaxed	0.9915	amber_boltz	0.3760	-0.0002	-0.8860	-0.0003	-0.6480
2I25	0.9907	0.9905	0.9941	0.9907	0.9939	0.3600	1.2600	1.0900	0.3480	0.2880	1.7860	20.2160	12.1520	1.7320	1.0860	boltz	0.9941	amber_boltz	0.2880	0.0001	-0.9120	-0.0002	-0.8020
2I9B	0.9726	0.9729	0.9695	0.9726	0.9687	0.8280	1.8980	1.3320	0.8360	0.4940	2.4440	27.8200	21.3580	2.2360	1.7220	af_unrelaxed	0.9729	amber_boltz	0.4940	-0.0002	-1.0620	-0.0008	-0.8380
2IDO	0.9829	0.9831	0.9812	0.9829	0.9810	0.1880	0.7880	0.8740	0.1660	0.1460	0.5640	5.3340	7.0260	0.5140	0.4620	af_unrelaxed	0.9831	amber_boltz	0.1460	-0.0002	-0.6220	-0.0003	-0.7280
2J0T	0.9914	0.9915	0.9877	0.9914	0.9880	0.4220	1.4120	1.0560	0.4140	0.2420	1.2340	12.6780	11.0240	1.1420	0.6420	af_unrelaxed	0.9915	amber_boltz	0.2420	-0.0001	-0.9980	0.0003	-0.8140
2J7P	0.9667	0.9667	0.9400	0.9667	0.9399	0.7000	1.5420	1.2980	0.6680	0.4800	2.4880	25.3240	20.3200	2.3280	2.1200	af_unrelaxed	0.9667	amber_boltz	0.4800	-0.0000	-0.8740	-0.0001	-0.8180
2MTA	0.1816	0.1822	0.1833	0.1816	0.1827	0.5320	1.4840	1.1360	0.5360	0.2640	1.4280	18.2880	12.6900	1.4500	0.5720	boltz	0.1833	amber_boltz	0.2640	-0.0006	-0.9480	-0.0006	-0.8720
2NZ8	0.9889	0.9890	0.9887	0.9889	0.9887	0.3880	1.3220	1.0940	0.3840	0.4380	1.3340	18.1560	12.2420	1.3900	1.8240	af_unrelaxed	0.9890	amber_af	0.3840	-0.0001	-0.9380	-0.0001	-0.6560
2O3B	0.9911	0.9912	0.9907	0.9911	0.9904	0.4880	1.1740	1.0260	0.5200	0.3140	1.2860	11.1860	7.6760	1.4240	0.5540	af_unrelaxed	0.9912	amber_boltz	0.3140	-0.0002	-0.6540	-0.0003	-0.7120
2O8V	0.9544	0.9545	0.9341	0.9544	0.9339	0.4320	1.3380	1.2400	0.4660	0.4160	1.9800	18.6720	17.8120	2.0180	1.8280	af_unrelaxed	0.9545	amber_boltz	0.4160	-0.0001	-0.8720	-0.0003	-0.8240
2OOB	0.9162	0.9143	0.8956	0.9160	0.8965	0.2700	1.1820	0.7800	0.3060	0.0620	1.1700	16.2880	5.7480	1.3840	0.2120	af_relaxed	0.9162	amber_boltz	0.0620	0.0017	-0.8760	0.0009	-0.7180
2OOR	0.9963	0.9963	0.9672	0.9963	0.9673	0.4820	1.2420	1.0800	0.4740	0.3380	1.2520	11.5000	11.4400	1.2080	1.0900	af_relaxed	0.9963	amber_boltz	0.3380	0.0000	-0.7680	0.0001	-0.7420
2OT3	0.9826	0.9828	0.9754	0.9826	0.9752	0.4780	1.3600	1.1720	0.4760	0.4300	2.0400	17.3940	14.7100	2.0700	1.8000	af_unrelaxed	0.9828	amber_boltz	0.4300	-0.0002	-0.8840	-0.0002	-0.7420
2OUL	0.9900	0.9900	0.9916	0.9900	0.9915	0.5100	1.2340	0.9560	0.5300	0.2480	1.3500	13.1260	8.6980	1.3860	0.7120	boltz	0.9916	amber_boltz	0.2480	-0.0000	-0.7040	-0.0001	-0.7080
2OZA	0.9407	0.9416	0.8061	0.9408	0.8057	1.0240	2.0240	1.6860	1.0240	1.0580	3.7180	33.3780	35.6840	3.9760	5.1100	af_unrelaxed	0.9416	af_relaxed	1.0240	-0.0008	-1.0000	-0.0004	-0.6280
2PCC	0.9934	0.9934	0.9931	0.9934	0.9929	0.2840	1.2380	0.9140	0.3160	0.1980	0.4400	13.3280	7.6280	0.4420	0.6000	af_unrelaxed	0.9934	amber_boltz	0.1980	-0.0000	-0.9220	-0.0002	-0.7160
2SIC	0.9987	0.9987	0.9982	0.9987	0.9981	0.4580	1.3940	0.8980	0.4860	0.2100	0.6740	11.6100	5.9180	0.7840	0.1880	af_relaxed	0.9987	amber_boltz	0.2100	0.0000	-0.9080	-0.0000	-0.6880
2SNI	0.9982	0.9983	0.9977	0.9982	0.9976	0.3040	1.2900	0.6940	0.3060	0.1880	0.3260	10.0460	3.8780	0.3660	0.3260	af_unrelaxed	0.9983	amber_boltz	0.1880	-0.0001	-0.9840	-0.0001	-0.5060
2UUY	0.9968	0.9968	0.9970	0.9968	0.9970	0.3480	1.0120	0.7480	0.3580	0.1160	0.7500	10.2200	4.8100	0.8000	0.1000	boltz	0.9970	amber_boltz	0.1160	0.0000	-0.6540	-0.0001	-0.6320
2VDB	0.8692	0.8692	0.8388	0.8692	0.8388	0.3520	1.4000	1.0300	0.3240	0.2940	0.8680	17.7560	10.1980	0.8480	1.0280	af_unrelaxed	0.8692	amber_boltz	0.2940	-0.0000	-1.0760	0.0000	-0.7360
2VIS	0.9566	0.9568	0.9518	0.9567	0.9513	0.6940	1.5580	1.1640	0.6680	0.5220	2.3160	21.1720	13.8300	2.2400	1.5940	af_unrelaxed	0.9568	amber_boltz	0.5220	-0.0001	-0.8900	-0.0005	-0.6420
2VXT	0.8768	0.8773	0.9179	0.8768	0.9176	0.4500	1.2720	0.8760	0.4480	0.3480	1.2160	17.7120	6.8780	1.2180	0.7680	boltz	0.9179	amber_boltz	0.3480	-0.0005	-0.8240	-0.0003	-0.5280
2W9E	0.9610	0.9600	0.9618	0.9610	0.9610	0.6200	1.4320	1.1880	0.6480	0.4300	3.5800	27.7880	15.3320	3.6560	1.8260	boltz	0.9618	amber_boltz	0.4300	0.0010	-0.7840	-0.0008	-0.7580
2X9A	0.9773	0.9776	0.9762	0.9774	0.9751	0.2060	1.0440	0.8600	0.2280	0.2440	0.6260	10.6080	6.6900	0.7140	0.8040	af_unrelaxed	0.9776	af_relaxed	0.2060	-0.0003	-0.8160	-0.0011	-0.6160
2YVJ	0.9899	0.9900	0.9907	0.9899	0.9906	0.5020	1.2700	1.2480	0.5100	0.4760	0.8400	15.4180	14.8900	0.8400	1.3100	boltz	0.9907	amber_boltz	0.4760	-0.0001	-0.7600	-0.0001	-0.7720
2Z0E	0.9502	0.9503	0.9489	0.9502	0.9488	0.5760	1.4520	1.1840	0.5580	0.4800	1.4680	18.5320	15.2460	1.4700	1.4680	af_unrelaxed	0.9503	amber_boltz	0.4800	-0.0000	-0.8940	-0.0001	-0.7040
3A4S	0.9837	0.9839	0.9859	0.9837	0.9855	0.6200	2.0100	1.2200	0.6640	0.4160	1.0880	29.9320	14.8480	1.3760	1.3760	boltz	0.9859	amber_boltz	0.4160	-0.0002	-1.3460	-0.0004	-0.8040
3AAA	0.9710	0.9714	0.9738	0.9710	0.9735	0.2460	1.2180	1.0520	0.2380	0.2860	0.8000	15.7060	10.8740	0.7800	0.9600	boltz	0.9738	amber_af	0.2380	-0.0004	-0.9800	-0.0003	-0.7660
3AAD	0.5977	0.5979	0.4883	0.5977	0.4881	0.5280	1.5920	1.3600	0.5920	0.9300	1.4200	17.3580	24.5340	1.6280	5.2400	af_unrelaxed	0.5979	af_relaxed	0.5280	-0.0002	-1.0000	-0.0002	-0.4300
3BIW	0.9940	0.9943	0.9872	0.9940	0.9871	0.5540	1.6540	1.4060	0.5380	0.6340	0.6040	17.5360	18.0980	0.5500	1.5340	af_unrelaxed	0.9943	amber_af	0.5380	-0.0003	-1.1160	-0.0001	-0.7720
3BP8	0.9522	0.9526	0.9522	0.9522	0.9517	0.6600	1.6420	1.3000	0.6680	0.4200	1.7320	23.0280	17.4080	1.8280	1.2220	af_unrelaxed	0.9526	amber_boltz	0.4200	-0.0004	-0.9740	-0.0004	-0.8800
3BX7	0.9711	0.9708	0.9589	0.9710	0.9586	0.7140	1.6740	1.4240	0.7100	0.8740	3.3940	26.8580	24.1960	3.4380	4.1460	af_relaxed	0.9711	amber_af	0.7100	0.0003	-0.9640	-0.0003	-0.5500
3CPH	0.9134	0.9133	0.9079	0.9134	0.9074	0.9020	1.6560	1.3140	0.8820	0.4960	4.3660	30.7820	20.8680	4.4500	2.2460	af_relaxed	0.9134	amber_boltz	0.4960	0.0001	-0.7740	-0.0005	-0.8180
3D5S	0.9933	0.9933	0.9916	0.9933	0.9916	0.1580	1.0120	1.1060	0.1560	0.3600	0.4520	8.8600	12.5120	0.3820	1.3560	af_relaxed	0.9933	amber_af	0.1560	0.0000	-0.8560	-0.0000	-0.7460
3DAW	0.9836	0.9837	0.9791	0.9836	0.9791	0.3880	1.2240	1.0380	0.3520	0.2340	1.3120	14.1120	10.5280	1.1620	0.7640	af_unrelaxed	0.9837	amber_boltz	0.2340	-0.0001	-0.8720	-0.0000	-0.8040
3EO1	0.9733	0.9739	0.9728	0.9732	0.9722	1.3660	1.9440	1.1540	1.3560	0.3980	6.4860	36.2480	13.3620	6.3140	1.4680	af_unrelaxed	0.9739	amber_boltz	0.3980	-0.0006	-0.5880	-0.0005	-0.7560
3EOA	0.9558	0.9554	0.9265	0.9557	0.9261	0.8180	1.4980	1.1640	0.8180	0.4620	3.2840	23.4680	12.3960	3.6900	1.4720	af_relaxed	0.9558	amber_boltz	0.4620	0.0004	-0.6800	-0.0003	-0.7020
3F1P	0.9565	0.9568	0.9465	0.9564	0.9464	0.4940	1.6440	0.9640	0.4960	0.1920	1.5900	19.5440	8.7780	1.8100	0.4940	af_unrelaxed	0.9568	amber_boltz	0.1920	-0.0003	-1.1480	-0.0001	-0.7720
3FN1	0.9749	0.9747	0.9743	0.9749	0.9745	0.2220	1.0700	0.9480	0.1840	0.1780	0.6940	10.0120	8.2740	0.5460	0.5460	af_relaxed	0.9749	amber_boltz	0.1780	0.0003	-0.8860	0.0001	-0.7700
3G6D	0.8782	0.8780	0.8445	0.8782	0.8447	0.8580	1.8620	1.0360	0.8940	0.3280	4.4780	34.3160	10.5560	4.8280	1.0960	amber_af	0.8782	amber_boltz	0.3280	0.0003	-0.9680	0.0002	-0.7080
3H11	0.9571	0.9613	0.7295	0.9570	0.7290	1.0880	2.1460	1.6560	1.0820	0.8540	4.3500	46.0020	40.6880	4.5160	4.8240	af_unrelaxed	0.9613	amber_boltz	0.8540	-0.0043	-1.0640	-0.0005	-0.8020
3H2V	0.9376	0.9388	0.9564	0.9376	0.9559	1.2020	1.7700	1.2480	1.2120	0.4900	9.7520	36.8640	18.5640	9.6040	2.2640	boltz	0.9564	amber_boltz	0.4900	-0.0011	-0.5580	-0.0005	-0.7580
3HI6	0.9174	0.9178	0.8903	0.9174	0.8901	1.1400	1.7240	1.2800	1.1440	0.4940	5.6200	31.9860	16.6980	5.9460	1.6580	af_unrelaxed	0.9178	amber_boltz	0.4940	-0.0004	-0.5800	-0.0003	-0.7860
3HMX	0.9536	0.9538	0.9098	0.9537	0.9097	1.1780	2.1840	1.3620	1.2140	0.7080	4.1200	34.3100	21.2040	4.4240	2.2740	af_unrelaxed	0.9538	amber_boltz	0.7080	-0.0001	-0.9700	-0.0001	-0.6540
3K75	0.9805	0.9806	0.9807	0.9806	0.9804	0.3860	1.2480	1.0660	0.3720	0.2220	0.6940	10.3720	9.7400	0.6300	0.2240	boltz	0.9807	amber_boltz	0.2220	0.0000	-0.8760	-0.0004	-0.8440
3L5W	0.7022	0.7018	0.8108	0.7023	0.8108	1.0740	1.7880	1.0240	1.0340	0.2700	4.9340	32.6400	10.1440	4.0260	0.9560	boltz	0.8108	amber_boltz	0.2700	0.0006	-0.7540	-0.0000	-0.7540
3L89	0.9726	0.9730	0.9638	0.9726	0.9639	0.7400	1.5140	1.3140	0.7180	0.4540	3.2020	27.8540	21.0000	3.1440	1.7600	af_unrelaxed	0.9730	amber_boltz	0.4540	-0.0004	-0.7960	0.0001	-0.8600
3LVK	0.9975	0.9976	0.9924	0.9975	0.9923	0.2500	1.1780	1.1780	0.2960	0.3540	0.7380	12.5900	14.8700	0.8480	1.3120	af_unrelaxed	0.9976	af_relaxed	0.2500	-0.0001	-0.8820	-0.0001	-0.8240
3MJ9	0.9491	0.9497	0.9518	0.9485	0.9513	1.2480	1.8880	1.2160	1.2980	0.3780	4.7340	34.2920	16.5320	4.7760	1.4120	boltz	0.9518	amber_boltz	0.3780	-0.0012	-0.5900	-0.0005	-0.8380
3MXW	0.9859	0.9864	0.9845	0.9858	0.9840	0.5720	1.3720	1.1760	0.5500	0.4260	1.8300	19.4580	15.0960	1.7420	1.6300	af_unrelaxed	0.9864	amber_boltz	0.4260	-0.0006	-0.8220	-0.0006	-0.7500
3P57	0.9626	0.9622	0.9250	0.9625	0.9241	1.0640	1.9400	1.5080	1.0620	0.6980	3.9720	25.8080	23.7940	3.6000	2.4800	af_relaxed	0.9626	amber_boltz	0.6980	0.0003	-0.8780	-0.0010	-0.8100
3PC8	0.9817	0.9821	0.9815	0.9817	0.9806	0.4380	1.4560	1.0260	0.4640	0.2620	1.6100	24.8340	10.2800	1.7500	0.9100	af_unrelaxed	0.9821	amber_boltz	0.2620	-0.0004	-0.9920	-0.0009	-0.7640
3R9A	0.9963	0.9963	0.9862	0.9963	0.9862	0.4940	1.3940	1.0720	0.4760	0.3240	1.2320	14.6680	11.2860	1.0980	1.0040	af_unrelaxed	0.9963	amber_boltz	0.3240	-0.0000	-0.9180	0.0000	-0.7480
3RJQ	0.9316	0.9319	0.9620	0.9316	0.9619	1.5540	2.4900	1.6060	1.6160	0.9600	7.8300	55.6820	37.1220	8.6680	4.9720	boltz	0.9620	amber_boltz	0.9600	-0.0002	-0.8740	-0.0002	-0.6460
3RVW	0.9912	0.9917	0.9934	0.9912	0.9932	1.0500	1.7920	1.2280	1.1200	0.5940	4.2760	33.7240	16.3700	4.9760	2.1000	boltz	0.9934	amber_boltz	0.5940	-0.0005	-0.6720	-0.0002	-0.6340
3S9D	0.9241	0.9239	0.8985	0.9241	0.8985	0.8820	2.0100	1.2560	0.8560	0.4420	4.3340	35.4760	18.1920	4.4560	1.7660	af_relaxed	0.9241	amber_boltz	0.4420	0.0002	-1.1540	0.0000	-0.8140
3SE8	0.9924	0.9925	0.9885	0.9923	0.9883	0.5800	1.4360	1.1280	0.5680	0.3680	1.8240	19.5240	12.1140	1.7900	1.2540	af_unrelaxed	0.9925	amber_boltz	0.3680	-0.0001	-0.8680	-0.0001	-0.7600
3SGQ	0.9983	0.9985	0.9975	0.9983	0.9973	0.3720	1.1380	0.7640	0.4060	0.3580	0.3080	6.6120	3.6120	0.4300	0.3700	af_unrelaxed	0.9985	amber_boltz	0.3580	-0.0002	-0.7320	-0.0002	-0.4060
3SZK	0.9758	0.9770	0.9753	0.9757	0.9747	1.1880	1.7920	1.3020	1.0800	0.5640	5.0720	29.5180	19.6660	4.2420	2.0420	af_unrelaxed	0.9770	amber_boltz	0.5640	-0.0013	-0.7120	-0.0006	-0.7380
3U7Y	0.9853	0.9857	0.9839	0.9853	0.9836	0.3920	1.3080	1.0700	0.3740	0.2340	1.2380	16.7120	11.3660	1.1880	0.7280	af_unrelaxed	0.9857	amber_boltz	0.2340	-0.0004	-0.9340	-0.0003	-0.8360
3V6Z	0.9724	0.9736	0.9465	0.9724	0.9461	0.8560	1.9040	1.1920	0.9540	0.4760	4.2540	36.0180	15.5440	5.5060	1.9260	af_unrelaxed	0.9736	amber_boltz	0.4760	-0.0012	-0.9500	-0.0004	-0.7160
3VLB	0.9826	0.9826	0.9791	0.9826	0.9790	0.4600	1.3420	1.0920	0.5040	0.3460	1.0560	15.4980	10.5920	1.1660	0.5720	af_unrelaxed	0.9826	amber_boltz	0.3460	-0.0001	-0.8380	-0.0001	-0.7460
3WD5	0.9641	0.9643	0.9500	0.9640	0.9490	0.7540	1.5800	1.1060	0.7880	0.5260	2.8240	22.0440	12.2060	3.0100	1.4940	af_unrelaxed	0.9643	amber_boltz	0.5260	-0.0003	-0.7920	-0.0010	-0.5800
4CPA	0.9958	0.9959	0.9953	0.9958	0.9952	0.6480	1.4020	1.1740	0.6500	0.5840	1.5460	14.0280	6.7880	1.5460	0.7880	af_unrelaxed	0.9959	amber_boltz	0.5840	-0.0001	-0.7520	-0.0001	-0.5900
4DN4	0.9602	0.9602	0.9661	0.9602	0.9659	0.3400	1.2700	0.7300	0.3520	0.2000	1.1100	17.3260	4.6040	1.1340	0.6220	boltz	0.9661	amber_boltz	0.2000	0.0000	-0.9180	-0.0002	-0.5300
4DW2	0.9292	0.9295	0.9440	0.9294	0.9437	1.3160	1.7760	1.2040	1.2980	0.5680	6.2540	33.4040	14.7820	5.8100	1.5160	boltz	0.9440	amber_boltz	0.5680	-0.0001	-0.4780	-0.0004	-0.6360
4ETQ	0.9807	0.9810	0.9808	0.9807	0.9809	0.9000	1.6600	1.0780	0.9280	0.3160	4.3520	25.2040	11.7000	4.4720	0.9100	af_unrelaxed	0.9810	amber_boltz	0.3160	-0.0003	-0.7320	0.0001	-0.7620
4FP8	0.9920	0.9923	0.9820	0.9919	0.9818	1.0200	1.9000	1.2600	1.0020	0.5100	3.9540	30.8520	18.4520	4.0280	1.8860	af_unrelaxed	0.9923	amber_boltz	0.5100	-0.0004	-0.8980	-0.0002	-0.7500
4FQI	0.9766	0.9767	0.9601	0.9766	0.9600	0.7180	1.6020	1.3020	0.7280	0.5520	2.0880	19.8180	19.9640	2.0920	2.1900	af_unrelaxed	0.9767	amber_boltz	0.5520	-0.0001	-0.8740	-0.0001	-0.7500
4FZA	0.9745	0.9748	0.9717	0.9745	0.9714	0.3960	1.3080	1.1620	0.3840	0.4420	1.1520	14.1060	14.4880	1.1720	1.5580	af_unrelaxed	0.9748	amber_af	0.3840	-0.0003	-0.9240	-0.0003	-0.7200
4G6J	0.9778	0.9790	0.9814	0.9778	0.9803	1.1580	1.6940	1.0600	1.1100	0.3920	7.4620	24.9680	10.5820	7.1420	0.7280	boltz	0.9814	amber_boltz	0.3920	-0.0012	-0.5840	-0.0011	-0.6680
4G6M	0.9606	0.9651	0.9610	0.9605	0.9605	0.9960	1.7220	1.2200	1.0260	0.4960	3.2180	32.0280	14.4960	3.2400	1.8840	af_unrelaxed	0.9651	amber_boltz	0.4960	-0.0045	-0.6960	-0.0006	-0.7240
4GAM	0.9857	0.9858	0.9870	0.9857	0.9869	0.6280	1.4960	1.3040	0.6320	0.7200	1.7600	19.4200	20.1080	1.7300	2.5525	boltz	0.9870	af_relaxed	0.6280	-0.0001	-0.8640	-0.0001	-0.5840
4GXU	0.9813	0.9822	0.8971	0.9811	0.8969	1.0660	1.7140	1.3100	1.0240	0.5740	4.5240	24.3000	20.3540	3.7300	1.8800	af_unrelaxed	0.9822	amber_boltz	0.5740	-0.0011	-0.6900	-0.0002	-0.7360
4H03	0.9975	0.9976	0.9541	0.9974	0.9541	0.4900	1.3380	1.1600	0.4840	0.4040	2.0000	17.6740	14.4420	1.9840	1.6120	af_unrelaxed	0.9976	amber_boltz	0.4040	-0.0002	-0.8540	-0.0001	-0.7560
4HX3	0.9809	0.9817	0.9828	0.9809	0.9829	1.3720	1.9920	1.3820	1.2260	0.5440	6.9840	35.9940	18.4440	6.2860	1.4780	amber_boltz	0.9829	amber_boltz	0.5440	-0.0008	-0.7660	0.0002	-0.8380
4IZ7	0.9770	0.9772	0.9734	0.9770	0.9734	0.5940	1.3620	1.1440	0.5840	0.3000	1.7760	19.7760	13.7620	1.8300	0.9300	af_unrelaxed	0.9772	amber_boltz	0.3000	-0.0002	-0.7780	-0.0000	-0.8440
4JCV	0.9223	0.9222	0.7978	0.9224	0.7977	0.8060	1.7280	1.3800	0.8420	0.6240	2.6280	29.8900	25.9480	2.6720	3.4540	amber_af	0.9224	amber_boltz	0.6240	0.0001	-0.8860	-0.0001	-0.7560
4LW4	0.9860	0.9860	0.9820	0.9861	0.9819	0.7560	1.6000	1.1800	0.7660	0.4960	2.4920	21.5600	13.1840	2.5760	1.1600	amber_af	0.9861	amber_boltz	0.4960	0.0000	-0.8340	-0.0001	-0.6840
4M3K	0.9890	0.9902	0.9915	0.9889	0.9913	1.2180	1.7120	1.1640	1.2100	0.4960	7.4780	38.3960	12.1620	7.0620	1.1080	boltz	0.9915	amber_boltz	0.4960	-0.0013	-0.5020	-0.0002	-0.6680
4M5Z	0.9669	0.9664	0.9682	0.9669	0.9684	0.6960	1.5580	1.1340	0.7000	0.3820	2.7400	26.7000	13.4560	2.8840	1.2580	amber_boltz	0.9684	amber_boltz	0.3820	0.0005	-0.8580	0.0002	-0.7520
4M76	0.9934	0.9942	0.9875	0.9934	0.9875	0.9640	1.4900	1.2820	1.0900	0.5780	4.4940	26.2580	15.5780	8.3540	2.0380	af_unrelaxed	0.9942	amber_boltz	0.5780	-0.0008	-0.4000	-0.0000	-0.7040
4POU	0.9404	0.9409	0.9350	0.9404	0.9346	1.1080	1.8980	1.1260	1.1580	0.3840	6.6400	39.3360	12.2300	6.5840	1.1740	af_unrelaxed	0.9409	amber_boltz	0.3840	-0.0006	-0.7400	-0.0004	-0.7420
4Y7M	0.9588	0.9607	0.9594	0.9589	0.9593	1.2680	1.9980	1.1900	1.2820	0.4680	5.5560	40.5340	15.5000	5.4840	1.4140	af_unrelaxed	0.9607	amber_boltz	0.4680	-0.0018	-0.7160	-0.0001	-0.7220
5C7X	0.9573	0.9581	0.9687	0.9574	0.9682	0.7820	1.6680	0.9460	0.8260	0.2020	4.7460	32.9220	8.2300	4.6960	0.6200	boltz	0.9687	amber_boltz	0.2020	-0.0006	-0.8420	-0.0005	-0.7440
5CBA	0.9594	0.9592	0.9562	0.9595	0.9558	0.6920	1.4920	1.2440	0.5720	0.4240	3.1980	27.4080	17.5860	2.3660	1.2280	amber_af	0.9595	amber_boltz	0.4240	0.0002	-0.9200	-0.0003	-0.8200
5E5M	0.9411	0.9415	0.9560	0.9411	0.9552	1.4740	2.2840	1.1560	1.5520	0.3380	8.2840	52.1120	14.2220	9.0480	1.1760	boltz	0.9560	amber_boltz	0.3380	-0.0005	-0.7320	-0.0008	-0.8180
5GRJ	0.8405	0.8421	0.9514	0.8405	0.9512	1.3800	2.0680	1.0640	1.3620	0.4740	8.1900	40.7520	10.0640	7.7760	0.8300	boltz	0.9514	amber_boltz	0.4740	-0.0016	-0.7060	-0.0003	-0.5900
5HGG	0.9931	0.9931	0.9939	0.9932	0.9938	1.3180	1.9340	1.0700	1.3900	0.4600	6.7100	38.3520	11.5220	6.8480	1.3700	boltz	0.9939	amber_boltz	0.4600	0.0000	-0.5440	-0.0000	-0.6100
5HYS	0.8904	0.8902	0.9167	0.8904	0.9169	0.8160	1.6680	1.2060	0.7860	0.5900	3.2220	29.0580	15.7260	3.2420	2.2140	amber_boltz	0.9169	amber_boltz	0.5900	0.0002	-0.8820	0.0002	-0.6160
5JMO	0.9939	0.9940	0.9925	0.9938	0.9924	1.0720	1.7700	1.3220	1.0540	0.6720	5.1960	28.3440	14.6560	4.9900	1.9000	af_unrelaxed	0.9940	amber_boltz	0.6720	-0.0002	-0.7160	-0.0001	-0.6500
5KOV	0.9674	0.9684	0.9387	0.9677	0.9385	0.9080	1.7260	1.4280	1.2200		2.8660	26.3840	23.8220	4.4500		af_unrelaxed	0.9684	af_relaxed	0.9080	-0.0006	-0.5060	-0.0002	
5O14	0.9867	0.9894	0.9762	0.9863	0.9755	1.0720	1.7340	0.8500	0.6500		6.1560	31.7100	6.3760	1.7000		af_unrelaxed	0.9894	amber_af	0.6500	-0.0031	-1.0840	-0.0007	
5O1R	0.9547	0.9552	0.8964	0.9547	0.8954	0.3620	1.3500	1.0100	0.3400		1.2960	16.0080	9.7420	1.2480		af_unrelaxed	0.9552	amber_af	0.3400	-0.0005	-1.0100	-0.0010	
5SV3	0.9770	0.9777	0.9870	0.9770	0.9867	0.7300	1.4640	1.0580	0.6980	0.2920	3.1400	21.8940	11.2160	3.2280	1.0300	boltz	0.9870	amber_boltz	0.2920	-0.0007	-0.7660	-0.0003	-0.7660
5VNW	0.8394	0.8405	0.8311	0.8394	0.8311	1.3460	1.7560	1.1460	2.2800		7.7040	38.3500	13.8540	21.0300		af_unrelaxed	0.8405	boltz	1.1460	-0.0010	0.5240	0.0000	
5WHK	0.7799	0.7804	0.9493	0.7800	0.9493	1.0740	1.8280	1.0900			5.1120	31.8240	11.8375			boltz	0.9493	af_relaxed	1.0740	-0.0004		-0.0000	
5WK3	0.9133	0.9102	0.9342	0.9131	0.9341	0.6340	1.3680	1.1060	0.6240	0.5500	3.0960	23.0080	12.5700	2.9380	2.2500	boltz	0.9342	amber_boltz	0.5500	0.0029	-0.7440	-0.0001	-0.5560
5WUX	0.9565	0.9592	0.9525	0.9570	0.9518	1.0700	1.8300	1.2500	1.1400		5.2960	34.1520	17.5360	5.2200		af_unrelaxed	0.9592	af_relaxed	1.0700	-0.0023	-0.6900	-0.0007	
5X0T	0.9872	0.9870	0.9812	0.9872	0.9811	0.5760	1.3980	0.8940	0.6220	0.1000	2.9500	22.8580	7.3380	2.7420	0.2600	af_relaxed	0.9872	amber_boltz	0.1000	0.0002	-0.7760	-0.0001	-0.7940
5Y9J	0.9888	0.9892	0.9665	0.9889	0.9666	0.9240	1.7680	1.1740	0.9075		3.2620	26.5640	14.8700	2.9125		af_unrelaxed	0.9892	amber_af	0.9075	-0.0003	-0.8605	0.0000	
6A0Z	0.9811	0.9815	0.9814	0.9812	0.9812	0.8550					3.1600					af_unrelaxed	0.9815	af_relaxed	0.8550	-0.0003		-0.0002	
6A77	0.9350	0.9344	0.9294	0.9350	0.9294	0.4900					1.9300					amber_af	0.9350	af_relaxed	0.4900	0.0006		-0.0000	
6AL0	0.5606	0.5604	0.6079	0.5606	0.6081	0.5500					1.7100					amber_boltz	0.6081	af_relaxed	0.5500	0.0002		0.0001	
6B0S	0.8588	0.8530	0.9244	0.8586	0.9234	0.2600					0.8200					boltz	0.9244	af_relaxed	0.2600	0.0056		-0.0010	
6BPC	0.9882	0.9889	0.9752	0.9883	0.9749	0.3800					1.4200					af_unrelaxed	0.9889	af_relaxed	0.3800	-0.0007		-0.0003	
6CWG	0.9923	0.9930	0.9777	0.9922	0.9774	0.4425					1.8475					af_unrelaxed	0.9930	af_relaxed	0.4425	-0.0008		-0.0002	
6DBG	0.9905	0.9911	0.9898	0.9906	0.9896	1.2025					5.5875					af_unrelaxed	0.9911	af_relaxed	1.2025	-0.0005		-0.0002	
6EY6	0.8478	0.8483	0.8604	0.8476	0.8602	0.8725					3.6200					boltz	0.8604	af_relaxed	0.8725	-0.0007		-0.0001	
6OC3	0.9492	0.9498	0.9329	0.9492	0.9325	0.7250					3.3350					af_unrelaxed	0.9498	af_relaxed	0.7250	-0.0006		-0.0003	
7CEI	0.9883	0.9885	0.9782	0.9883	0.9782	0.4120	1.2620	0.8880	0.4180	0.1860	1.4600	18.4520	7.1800	1.5180	0.3480	af_unrelaxed	0.9885	amber_boltz	0.1860	-0.0002	-0.8440	0.0000	-0.7020
BAAD	0.5412	0.5414	0.4916	0.5412	0.4913	0.5420	1.6860	1.2940	0.5420	0.7760	1.0420	17.9240	19.9780	1.0980	4.3080	af_unrelaxed	0.5414	af_relaxed	0.5420	-0.0002	-1.1440	-0.0003	-0.5180
BOYV	0.9970	0.9972	0.9974	0.9970	0.9973	1.0540	1.8800	1.0960	1.0360	0.3120	4.9520	35.2160	11.4460	4.8000	0.6460	boltz	0.9974	amber_boltz	0.3120	-0.0001	-0.8440	-0.0001	-0.7840
BP57	0.9510	0.9514	0.9207	0.9509	0.9203	1.0920	1.9080	1.4440	0.9560	0.8460	4.3460	28.4860	25.4720	2.6060	3.8500	af_unrelaxed	0.9514	amber_boltz	0.8460	-0.0005	-0.9520	-0.0004	-0.5980
CP57	0.9463	0.9474	0.9335	0.9461	0.9327	1.1920	1.8520	1.3580	1.0400	0.6740	4.1580	25.3760	18.7020	3.8480	2.1100	af_unrelaxed	0.9474	amber_boltz	0.6740	-0.0013	-0.8120	-0.0008	-0.6840
